Bleu_4,rougeL
0.18403260328881738,0.39527459186717917
