Bleu_4,rougeL
0.1870386629592529,0.39666717911222993
