Bleu_4,rougeL
0.18781482027463503,0.39843747944937163
