Bleu_4,rougeL
0.13518391303688818,0.3159718739096402
