Bleu_4,rougeL
0.18767834725612137,0.39725738627205376
