Bleu_4,rougeL
0.1749726000351988,0.38381658230867943
