Bleu_4,rougeL
0.18781482027463503,0.3983290824281427
