Bleu_4,rougeL
0.17674197546938197,0.3835897587346009
