Bleu_4,rougeL
0.1870386629592529,0.39638871671436515
