Bleu_4,rougeL
0.13733717455868566,0.31881267038528494
